{
    "rmse": 0.7237091051091629,
    "mae": 0.5237548688179053,
    "r2": 0.25704554245440636
}