{
    "rmse": 0.7322992129409288,
    "mae": 0.5362621372739038,
    "r2": 0.2626679740782776
}